-- phpMyAdmin SQL Dump
-- version 4.5.1
-- http://www.phpmyadmin.net
--
-- Хост: 127.0.0.1
-- Время создания: Июн 25 2016 г., 08:02
-- Версия сервера: 10.1.10-MariaDB
-- Версия PHP: 5.6.19

SET SQL_MODE = "NO_AUTO_VALUE_ON_ZERO";
SET time_zone = "+00:00";


/*!40101 SET @OLD_CHARACTER_SET_CLIENT=@@CHARACTER_SET_CLIENT */;
/*!40101 SET @OLD_CHARACTER_SET_RESULTS=@@CHARACTER_SET_RESULTS */;
/*!40101 SET @OLD_COLLATION_CONNECTION=@@COLLATION_CONNECTION */;
/*!40101 SET NAMES utf8mb4 */;

--
-- База данных: `library2.0`
--

-- --------------------------------------------------------

--
-- Структура таблицы `authors`
--

CREATE TABLE `authors` (
  `ID` int(11) NOT NULL,
  `AUTHOR_NAME` varchar(128) NOT NULL,
  `CENTURY` varchar(11) NOT NULL
) ENGINE=InnoDB DEFAULT CHARSET=utf8;

--
-- Дамп данных таблицы `authors`
--

INSERT INTO `authors` (`ID`, `AUTHOR_NAME`, `CENTURY`) VALUES
(1, 'Страуд Джонатан', '20-21'),
(2, 'Лев Николаевич Толстой', '19'),
(3, 'Ф.М. Достаевский', '19'),
(4, 'А.Н. Островский', '19'),
(5, 'А.С. Пушкин', '19'),
(6, 'М.Ю. Лермонтов', '19'),
(7, 'Петр Дмитриевич Боборыкин', '?'),
(8, 'Твардовский', '19-20'),
(9, 'Жан-Жак Руссо', '17?'),
(10, 'Иван Сергеевич Тургенев', '19'),
(11, 'И.В.Гёте', '19?'),
(12, 'Овидий', '?'),
(13, 'Аппулей', '?'),
(14, 'Николай Гумилев', '?'),
(15, 'Лоренс Стерн', '?'),
(16, 'Виктор Шкловский', '?'),
(17, 'А. Е. Бердичевский', '20'),
(18, 'Е. Н. Холмянский', '20'),
(19, 'Л. Т. Гиляровская', '20'),
(20, 'А. А. Вехорева', '20'),
(21, 'В. Б. Буглай', '20'),
(22, 'Н. Н. Ливенцев', '20'),
(23, 'Л. Р. Нейман', '20'),
(24, 'К. С. Демирчян', '20'),
(25, 'В. М. Юринов', '20');

-- --------------------------------------------------------

--
-- Структура таблицы `books`
--

CREATE TABLE `books` (
  `ID` int(11) NOT NULL,
  `BOOK_NAME` varchar(256) NOT NULL,
  `GENRE_ID` int(11) NOT NULL,
  `SCHOOL_RECOMENDS` tinyint(1) NOT NULL
) ENGINE=InnoDB DEFAULT CHARSET=utf8;

--
-- Дамп данных таблицы `books`
--

INSERT INTO `books` (`ID`, `BOOK_NAME`, `GENRE_ID`, `SCHOOL_RECOMENDS`) VALUES
(1, 'Амулет Самарканда', 1, 0),
(2, 'Кольцо Соломона ', 1, 0),
(3, 'Глаз голема', 1, 0),
(4, 'Врата Птолемея', 1, 0),
(5, 'Анна Каренина', 2, 1),
(6, 'Война и мир', 3, 1),
(7, 'После бала', 4, 1),
(8, 'Воскресенье', 4, 0),
(9, 'Кавказский пленник', 4, 0),
(10, 'Бесы', 2, 0),
(11, 'Идиот', 2, 0),
(12, 'Вечный муж', 2, 0),
(13, 'Преступление и наказание', 2, 1),
(14, 'Братья Карамазовы', 2, 1),
(15, 'Игрок', 2, 0),
(16, 'Бесприданница', 5, 1),
(17, 'Бедность не порок', 5, 1),
(18, 'Без вины виноватые', 6, 0),
(19, 'Гроза', 6, 1),
(20, 'Евгений Онегин', 2, 1),
(21, 'Дубровский', 2, 1),
(22, 'Египетские ночи', 2, 0),
(23, 'Дубровский', 2, 1),
(24, 'Гавриилиада', 2, 1),
(25, 'Каменный гость', 2, 1),
(26, 'Кавказский пленник', 0, 1),
(27, 'Пророк', 8, 1),
(28, 'Пророк', 8, 1),
(29, 'Метель', 0, 0),
(30, 'Метель', 0, 0),
(31, 'Кавказский пленник', 7, 0),
(32, 'Бедные люди', 0, 1),
(33, 'Бедные люди', 0, 1),
(34, 'Василий Теркин', 2, 0),
(35, 'Василий Теркин', 7, 1),
(36, 'Исповедь', 0, 0),
(37, 'Исповедь', 0, 0),
(38, 'Фауст', 4, 0),
(39, 'Фауст', 0, 1),
(40, 'Метаморфозы', 0, 0),
(41, 'Метаморфозы, или золотой Осел', 2, 0),
(42, 'Сентиментальное путешествие', 8, 0),
(43, 'Сентиментальное путешествие', 0, 0),
(44, 'Сентиментальное путешествие', 0, 0),
(45, 'Оборудование для электрической контактной сварки', 9, 0),
(46, 'Анализ и оценка финансовой устойчивости коммерческого предприятия', 19, 0),
(47, 'Международные экономические отношения: учеб. пособие для экон. спец. вузов', 9, 0),
(48, 'Руководство к лаборатории электромагнитного поля', 9, 0);

-- --------------------------------------------------------

--
-- Структура таблицы `book_author`
--

CREATE TABLE `book_author` (
  `RELATION_ID` int(11) NOT NULL,
  `BOOK_ID` int(11) NOT NULL,
  `AUTHOR_ID` int(11) NOT NULL
) ENGINE=InnoDB DEFAULT CHARSET=utf8;

--
-- Дамп данных таблицы `book_author`
--

INSERT INTO `book_author` (`RELATION_ID`, `BOOK_ID`, `AUTHOR_ID`) VALUES
(1, 1, 1),
(2, 2, 1),
(3, 3, 1),
(4, 4, 1),
(5, 5, 2),
(6, 6, 2),
(7, 7, 2),
(8, 8, 2),
(9, 9, 2),
(10, 10, 3),
(11, 11, 3),
(12, 12, 3),
(13, 13, 3),
(14, 14, 3),
(15, 15, 3),
(16, 16, 4),
(17, 17, 4),
(18, 18, 4),
(19, 19, 4),
(20, 20, 5),
(21, 21, 5),
(22, 22, 5),
(23, 23, 5),
(24, 24, 5),
(25, 25, 5),
(26, 26, 5),
(27, 27, 5),
(28, 28, 6),
(29, 29, 5),
(30, 30, 2),
(31, 31, 6),
(32, 32, 3),
(33, 33, 2),
(34, 34, 7),
(35, 35, 8),
(36, 36, 2),
(37, 37, 9),
(38, 38, 10),
(39, 39, 11),
(40, 40, 12),
(41, 41, 13),
(42, 42, 14),
(43, 43, 15),
(44, 44, 16),
(45, 45, 17),
(46, 45, 18),
(47, 46, 19),
(48, 46, 20),
(49, 47, 21),
(50, 47, 22),
(51, 48, 23),
(52, 48, 24),
(53, 48, 25);

-- --------------------------------------------------------

--
-- Структура таблицы `ganres`
--

CREATE TABLE `ganres` (
  `ID` int(11) NOT NULL,
  `GANRE_NAME` varchar(128) NOT NULL
) ENGINE=InnoDB DEFAULT CHARSET=utf8;

--
-- Дамп данных таблицы `ganres`
--

INSERT INTO `ganres` (`ID`, `GANRE_NAME`) VALUES
(1, 'фантастика'),
(2, 'роман'),
(3, 'роман-эпопея'),
(4, 'рассказ'),
(5, 'комедия'),
(6, 'пьеса'),
(7, 'поэма'),
(8, 'стихотворение'),
(9, 'учебная литература');

--
-- Индексы сохранённых таблиц
--

--
-- Индексы таблицы `authors`
--
ALTER TABLE `authors`
  ADD PRIMARY KEY (`ID`);

--
-- Индексы таблицы `books`
--
ALTER TABLE `books`
  ADD PRIMARY KEY (`ID`);

--
-- Индексы таблицы `book_author`
--
ALTER TABLE `book_author`
  ADD PRIMARY KEY (`RELATION_ID`);

--
-- Индексы таблицы `ganres`
--
ALTER TABLE `ganres`
  ADD PRIMARY KEY (`ID`);

--
-- AUTO_INCREMENT для сохранённых таблиц
--

--
-- AUTO_INCREMENT для таблицы `authors`
--
ALTER TABLE `authors`
  MODIFY `ID` int(11) NOT NULL AUTO_INCREMENT, AUTO_INCREMENT=26;
--
-- AUTO_INCREMENT для таблицы `books`
--
ALTER TABLE `books`
  MODIFY `ID` int(11) NOT NULL AUTO_INCREMENT, AUTO_INCREMENT=49;
--
-- AUTO_INCREMENT для таблицы `book_author`
--
ALTER TABLE `book_author`
  MODIFY `RELATION_ID` int(11) NOT NULL AUTO_INCREMENT, AUTO_INCREMENT=54;
--
-- AUTO_INCREMENT для таблицы `ganres`
--
ALTER TABLE `ganres`
  MODIFY `ID` int(11) NOT NULL AUTO_INCREMENT, AUTO_INCREMENT=10;
/*!40101 SET CHARACTER_SET_CLIENT=@OLD_CHARACTER_SET_CLIENT */;
/*!40101 SET CHARACTER_SET_RESULTS=@OLD_CHARACTER_SET_RESULTS */;
/*!40101 SET COLLATION_CONNECTION=@OLD_COLLATION_CONNECTION */;
